,Year,Movie,Oscar_nominee,Oscar_winner,Predicted Win Rate
168,2016,Lights Out,0,0,0.038
153,2016,Busanhaeng,0,0,0.041
174,2016,Hunt for the Wilderpeople,0,0,0.044
183,2016,Money Monster,0,0,0.046
167,2016,Bad Moms,0,0,0.048
184,2016,The Autopsy of Jane Doe,0,0,0.052
170,2016,Dag II,0,0,0.052
191,2016,Sing Street,0,0,0.054
150,2016,Dangal,0,0,0.101
142,2016,Kimi no na wa.,0,0,0.119
